03,구현,601114
03,수학,554561
03,사칙연산,305384
03,그래프 이론,182649
03,그래프 탐색,143376
03,다이나믹 프로그래밍,138367
03,자료 구조,137610
03,문자열,123693
03,너비 우선 탐색,114599
03,정렬,109605
03,브루트포스 알고리즘,107835
03,그리디 알고리즘,76741
03,깊이 우선 탐색,64403
03,정수론,59489
03,이분 탐색,49283
03,백트래킹,45530
03,시뮬레이션,44095
03,스택,38306
03,소수 판정,34666
03,기하학,30699
03,에라토스테네스의 체,26249
03,다익스트라,24508
03,트리,21421
03,우선순위 큐,21139
03,재귀,20713
03,두 포인터,18108
03,임의 정밀도,17354
03,큰 수 연산,17354
03,매개 변수 탐색,17033
03,해시를 사용한 집합과 맵,15649
03,큐,15561
03,조합론,15248
03,누적 합,13651
03,분할 정복,13268
03,세그먼트 트리,12764
03,파싱,10803
03,분리 집합,10693
03,비트마스킹,10531
03,유클리드 호제법,9968
03,덱,9551
03,분할 정복을 이용한 거듭제곱,7312
03,배낭 문제,7051
03,많은 조건 분기,6814
03,플로이드–와샬,6669
03,최소 스패닝 트리,6228
03,트리를 사용한 집합과 맵,5808
03,애드 혹,5794
03,위상 정렬,4732
03,피타고라스 정리,4701
03,게임 이론,4035
03,가장 긴 증가하는 부분 수열: o(n log n),3883
03,구성적,3823
03,연결 리스트,3710
03,0-1 너비 우선 탐색,3652
03,값,3620
03,좌표 압축,3620
03,스위핑,3331
03,트리에서의 다이나믹 프로그래밍,3092
03,슬라이딩 윈도우,3034
03,벨만–포드,2770
03,최소 공통 조상,2702
03,비트필드를 이용한 다이나믹 프로그래밍,2457
03,트라이,2227
03,해싱,2175
03,이분 매칭,2152
03,느리게 갱신되는 세그먼트 트리,1952
03,중간에서 만나기,1944
03,최대 유량,1903
03,희소 배열,1860
03,kmp,1856
03,선형대수학,1754
03,외판원 순회 문제,1655
03,선분 교차 판정,1619
03,정규 표현식,1589
03,오프라인 쿼리,1534
03,강한 연결 요소,1463
03,중국인의 나머지 정리,1449
03,모듈로 곱셈 역원,1424
03,런타임 전의 전처리,1300
03,페르마의 소정리,1216
03,수치해석,1210
03,볼록 껍질,1061
03,휴리스틱,1046
03,무작위화,973
03,다각형의 넓이,799
03,mo's,766
03,포함 배제의 원리,646
03,제곱근 분할법,623
03,밀러–라빈 소수 판별법,588
03,고속 푸리에 변환,550
03,2-sat,506
03,확률론,490
03,오일러 경로 테크닉,473
03,접미사 배열과 lcp 배열,465
03,순열 사이클 분할,463
03,오일러 피 함수,438
03,미적분학,430
03,볼록 껍질을 이용한 최적화,404
03,최대 유량 최소 컷 정리,388
03,머지 소트 트리,377
03,스프라그–그런디 정리,371
03,단절점과 단절선,367
03,폴라드 로,365
03,3차원 기하학,333
03,확장 유클리드 호제법,303
03,heavy-light 분할,295
03,비둘기집 원리,294
03,퍼시스턴트 세그먼트 트리,286
03,오일러 경로,265
03,삼분 탐색,247
03,센트로이드,224
03,센트로이드 분할,222
03,뤼카 정리,213
03,회전하는 캘리퍼스,198
03,라빈–카프,191
03,병렬 이분 탐색,191
03,오일러 지표 (χ=v-e+f),190
03,물리학,188
03,작은 집합에서 큰 집합으로 합치는 테크닉,179
03,담금질 기법,167
03,최소 비용 최대 유량,165
03,가우스 소거법,162
03,아호-코라식,153
03,스플레이 트리,147
03,볼록 다각형 내부의 점 판정,142
03,매내처,138
03,분할 정복을 사용한 최적화,120
03,최소 외접원,119
03,비트 집합,115
03,덱을 이용한 다이나믹 프로그래밍,109
03,벌래캠프–매시,106
03,이분 그래프,105
03,z,104
03,함수 개형을 이용한 최적화,103
03,뫼비우스 반전 공식,90
03,다차원 세그먼트 트리,88
03,평면 그래프,83
03,이중 연결 요소,66
03,aliens 트릭,56
03,선인장,54
03,베이즈 정리,53
03,양방향 탐색,47
03,홀의 결혼 정리,41
03,안정 결혼 문제,37
03,오프라인 동적 연결성 판정,36
03,히르쉬버그,33
03,컷 트리,30
03,링크,30
03,크누스 최적화,29
03,기댓값의 선형성,28
03,a*,27
03,생성 함수,24
03,유향 최소 신장 트리,23
03,트리 동형 사상,23
03,이산 로그,22
03,통계학,21
03,로프,21
03,오목 다각형 내부의 점 판정,18
03,매트로이드,17
03,춤추는 링크,16
03,크누스 x,16
03,헝가리안,13
03,커넥션 프로파일을 이용한 다이나믹 프로그래밍,12
03,인터프리터,11
03,키타마사,11
03,일반적인 매칭,11
03,현 그래프,10
03,그린 정리,9
03,트리 압축,9
03,선형 계획법,7
03,스토어–바그너,7
03,계산 이론,7
03,보로노이 다이어그램,6
03,레드-블랙 트리,5
03,4차원 이상의 기하학,4
03,서큘레이션,4
03,번사이드 보조정리,4
03,쌍대성,3
03,접미사 트리,3
03,회문 트리,2
03,쌍대 그래프,1
03,utf-8 입력 처리,1
03,이산 제곱근,1
03,도미네이터 트리,1
