04,구현,557489
04,수학,487943
04,사칙연산,266794
04,그래프 이론,163517
04,그래프 탐색,129326
04,자료 구조,112730
04,다이나믹 프로그래밍,108485
04,문자열,108205
04,너비 우선 탐색,105267
04,브루트포스 알고리즘,101127
04,정렬,90937
04,시뮬레이션,63296
04,그리디 알고리즘,62915
04,깊이 우선 탐색,56836
04,정수론,53961
04,백트래킹,43506
04,이분 탐색,39469
04,스택,33655
04,소수 판정,30369
04,기하학,29262
04,에라토스테네스의 체,22381
04,다익스트라,20505
04,재귀,18558
04,트리,17479
04,우선순위 큐,17195
04,두 포인터,16012
04,임의 정밀도,15103
04,큰 수 연산,15103
04,조합론,15020
04,누적 합,14345
04,매개 변수 탐색,14219
04,큐,13874
04,해시를 사용한 집합과 맵,12769
04,분할 정복,12321
04,비트마스킹,10141
04,유클리드 호제법,9385
04,세그먼트 트리,9358
04,파싱,9086
04,분리 집합,8643
04,덱,8351
04,분할 정복을 이용한 거듭제곱,6936
04,플로이드–와샬,6784
04,배낭 문제,5892
04,많은 조건 분기,5791
04,최소 스패닝 트리,5770
04,애드 혹,5092
04,피타고라스 정리,4515
04,트리를 사용한 집합과 맵,4496
04,위상 정렬,4291
04,스위핑,3914
04,슬라이딩 윈도우,3869
04,연결 리스트,3237
04,가장 긴 증가하는 부분 수열: o(n log n),3188
04,0-1 너비 우선 탐색,2953
04,구성적,2910
04,좌표 압축,2898
04,값,2898
04,게임 이론,2557
04,트리에서의 다이나믹 프로그래밍,2235
04,비트필드를 이용한 다이나믹 프로그래밍,2208
04,외판원 순회 문제,2189
04,해싱,2064
04,최소 공통 조상,1940
04,kmp,1853
04,벨만–포드,1829
04,볼록 껍질,1704
04,트라이,1694
04,느리게 갱신되는 세그먼트 트리,1602
04,선형대수학,1599
04,선분 교차 판정,1542
04,최대 유량,1529
04,이분 매칭,1497
04,런타임 전의 전처리,1417
04,중간에서 만나기,1388
04,오프라인 쿼리,1308
04,정규 표현식,1250
04,페르마의 소정리,1205
04,모듈로 곱셈 역원,1157
04,중국인의 나머지 정리,1141
04,강한 연결 요소,1128
04,희소 배열,1034
04,다각형의 넓이,766
04,mo's,666
04,밀러–라빈 소수 판별법,662
04,휴리스틱,630
04,스프라그–그런디 정리,587
04,무작위화,572
04,수치해석,534
04,폴라드 로,524
04,미적분학,505
04,포함 배제의 원리,457
04,확률론,437
04,고속 푸리에 변환,433
04,2-sat,421
04,접미사 배열과 lcp 배열,394
04,제곱근 분할법,374
04,볼록 껍질을 이용한 최적화,369
04,순열 사이클 분할,361
04,오일러 경로,349
04,회전하는 캘리퍼스,342
04,최소 비용 최대 유량,338
04,오일러 피 함수,304
04,확장 유클리드 호제법,302
04,오일러 경로 테크닉,280
04,라빈–카프,279
04,🧑‍💻,274
04,🏃🤔,274
04,🧵,274
04,🌎👨‍💻📄🎱📖🧪,274
04,오일러 지표 (χ=v-e+f),272
04,뤼카 정리,266
04,최대 유량 최소 컷 정리,259
04,머지 소트 트리,245
04,삼분 탐색,238
04,물리학,223
04,퍼시스턴트 세그먼트 트리,219
04,3차원 기하학,219
04,매내처,213
04,단절점과 단절선,195
04,heavy-light 분할,182
04,병렬 이분 탐색,168
04,스플레이 트리,152
04,볼록 다각형 내부의 점 판정,149
04,작은 집합에서 큰 집합으로 합치는 테크닉,148
04,비트 집합,137
04,비둘기집 원리,125
04,담금질 기법,122
04,다차원 세그먼트 트리,113
04,분할 정복을 사용한 최적화,110
04,컷 트리,107
04,링크,107
04,오프라인 동적 연결성 판정,107
04,센트로이드,99
04,히르쉬버그,99
04,센트로이드 분할,95
04,뫼비우스 반전 공식,94
04,함수 개형을 이용한 최적화,86
04,아호-코라식,84
04,이중 연결 요소,72
04,안정 결혼 문제,72
04,가우스 소거법,71
04,반평면 교집합,68
04,로프,63
04,최소 외접원,59
04,덱을 이용한 다이나믹 프로그래밍,59
04,보로노이 다이어그램,53
04,델로네 삼각분할,48
04,평면 그래프,44
04,선인장,42
04,헝가리안,37
04,기댓값의 선형성,37
04,aliens 트릭,37
04,z,36
04,양방향 탐색,36
04,이분 그래프,35
04,크누스 최적화,35
04,춤추는 링크,34
04,크누스 x,34
04,벌래캠프–매시,33
04,키타마사,33
04,단조 큐를 이용한 최적화,32
04,쌍대 그래프,30
04,그린 정리,30
04,이산 로그,28
04,회문 트리,26
04,유향 최소 신장 트리,26
04,a*,22
04,베이즈 정리,19
04,오목 다각형 내부의 점 판정,18
04,커넥션 프로파일을 이용한 다이나믹 프로그래밍,18
04,매트로이드,16
04,통계학,15
04,홀의 결혼 정리,14
04,utf-8 입력 처리,13
04,서큘레이션,7
04,현 그래프,6
04,4차원 이상의 기하학,5
04,생성 함수,4
04,번사이드 보조정리,4
04,인터프리터,4
04,트리 압축,3
04,레드-블랙 트리,3
04,스토어–바그너,2
04,상수 최적화,2
04,픽의 정리,2
04,이산 제곱근,2
04,계산 이론,1
04,탑 트리,1
04,트리 동형 사상,1
