02,구현,502249
02,수학,464039
02,사칙연산,232013
02,그래프 이론,157594
02,자료 구조,137495
02,그래프 탐색,121482
02,다이나믹 프로그래밍,120728
02,문자열,116597
02,정렬,103484
02,브루트포스 알고리즘,99322
02,너비 우선 탐색,94603
02,그리디 알고리즘,74680
02,정수론,58772
02,깊이 우선 탐색,56690
02,이분 탐색,46484
02,스택,43040
02,백트래킹,42447
02,시뮬레이션,36258
02,소수 판정,34975
02,기하학,32282
02,에라토스테네스의 체,25888
02,재귀,22895
02,다익스트라,21568
02,트리,20217
02,우선순위 큐,17941
02,두 포인터,17196
02,매개 변수 탐색,16927
02,큐,16549
02,조합론,15609
02,분할 정복,15506
02,해시를 사용한 집합과 맵,14122
02,큰 수 연산,13713
02,임의 정밀도,13713
02,세그먼트 트리,13683
02,누적 합,13325
02,비트마스킹,11819
02,파싱,10441
02,덱,10030
02,분리 집합,9795
02,유클리드 호제법,9339
02,많은 조건 분기,8952
02,애드 혹,7526
02,분할 정복을 이용한 거듭제곱,7455
02,최소 스패닝 트리,6298
02,플로이드–와샬,5960
02,배낭 문제,5465
02,트리를 사용한 집합과 맵,5387
02,연결 리스트,4538
02,슬라이딩 윈도우,4493
02,피타고라스 정리,4437
02,위상 정렬,4369
02,좌표 압축,4030
02,값,4030
02,스위핑,3378
02,가장 긴 증가하는 부분 수열: o(n log n),3216
02,구성적,2938
02,0-1 너비 우선 탐색,2720
02,최소 공통 조상,2684
02,kmp,2663
02,해싱,2633
02,벨만–포드,2565
02,트리에서의 다이나믹 프로그래밍,2554
02,느리게 갱신되는 세그먼트 트리,2224
02,비트필드를 이용한 다이나믹 프로그래밍,2218
02,게임 이론,2186
02,트라이,2050
02,오프라인 쿼리,1931
02,외판원 순회 문제,1828
02,희소 배열,1786
02,중간에서 만나기,1711
02,선분 교차 판정,1670
02,이분 매칭,1670
02,선형대수학,1646
02,최대 유량,1636
02,볼록 껍질,1476
02,강한 연결 요소,1413
02,중국인의 나머지 정리,1283
02,페르마의 소정리,1196
02,모듈로 곱셈 역원,1186
02,런타임 전의 전처리,1117
02,정규 표현식,1007
02,고속 푸리에 변환,981
02,mo's,950
02,확률론,883
02,제곱근 분할법,877
02,접미사 배열과 lcp 배열,825
02,다각형의 넓이,718
02,휴리스틱,703
02,포함 배제의 원리,635
02,밀러–라빈 소수 판별법,625
02,무작위화,619
02,2-sat,550
02,단절점과 단절선,518
02,볼록 껍질을 이용한 최적화,508
02,오일러 경로 테크닉,436
02,퍼시스턴트 세그먼트 트리,433
02,분할 정복을 사용한 최적화,431
02,라빈–카프,430
02,수치해석,402
02,폴라드 로,387
02,스프라그–그런디 정리,385
02,최소 외접원,385
02,머지 소트 트리,383
02,미적분학,371
02,담금질 기법,363
02,회전하는 캘리퍼스,352
02,뤼카 정리,349
02,heavy-light 분할,347
02,오일러 피 함수,335
02,순열 사이클 분할,332
02,센트로이드,327
02,센트로이드 분할,309
02,아호-코라식,284
02,최대 유량 최소 컷 정리,277
02,aliens 트릭,263
02,삼분 탐색,261
02,오일러 경로,258
02,확장 유클리드 호제법,247
02,3차원 기하학,247
02,물리학,240
02,최소 비용 최대 유량,215
02,스플레이 트리,215
02,비둘기집 원리,199
02,다차원 세그먼트 트리,198
02,기댓값의 선형성,194
02,오일러 지표 (χ=v-e+f),189
02,매내처,185
02,작은 집합에서 큰 집합으로 합치는 테크닉,184
02,볼록 다각형 내부의 점 판정,157
02,비트 집합,150
02,z,139
02,병렬 이분 탐색,128
02,덱을 이용한 다이나믹 프로그래밍,126
02,가우스 소거법,114
02,이중 연결 요소,98
02,함수 개형을 이용한 최적화,78
02,선인장,76
02,안정 결혼 문제,75
02,단조 큐를 이용한 최적화,74
02,반평면 교집합,64
02,뫼비우스 반전 공식,63
02,오프라인 동적 연결성 판정,63
02,4차원 이상의 기하학,62
02,이분 그래프,61
02,평면 그래프,60
02,크누스 최적화,59
02,컷 트리,58
02,링크,58
02,양방향 탐색,52
02,트리 동형 사상,47
02,벌래캠프–매시,44
02,베이즈 정리,39
02,도미네이터 트리,30
02,서큘레이션,29
02,번사이드 보조정리,28
02,통계학,25
02,이산 로그,25
02,키타마사,23
02,히르쉬버그,20
02,로프,20
02,홀의 결혼 정리,19
02,오목 다각형 내부의 점 판정,18
02,그린 정리,17
02,커넥션 프로파일을 이용한 다이나믹 프로그래밍,15
02,크누스 x,10
02,춤추는 링크,10
02,일반적인 매칭,9
02,상수 최적화,7
02,접미사 트리,5
02,인터프리터,5
02,헝가리안,5
02,픽의 정리,4
02,회문 트리,4
02,선형 계획법,2
02,매트로이드,1
02,이산 제곱근,1
02,쌍대성,1
02,계산 이론,1
02,a*,1
