01,구현,573055
01,수학,537963
01,사칙연산,275737
01,그래프 이론,132869
01,자료 구조,129680
01,문자열,126303
01,다이나믹 프로그래밍,117649
01,정렬,103045
01,그래프 탐색,101461
01,브루트포스 알고리즘,96642
01,너비 우선 탐색,79602
01,그리디 알고리즘,70770
01,정수론,62003
01,깊이 우선 탐색,45836
01,이분 탐색,44731
01,스택,38274
01,백트래킹,37241
01,소수 판정,36581
01,기하학,31962
01,시뮬레이션,27366
01,에라토스테네스의 체,27257
01,재귀,19312
01,우선순위 큐,17819
01,다익스트라,17627
01,트리,17587
01,임의 정밀도,16649
01,큰 수 연산,16649
01,두 포인터,15669
01,세그먼트 트리,15649
01,매개 변수 탐색,15624
01,조합론,15529
01,큐,14812
01,분할 정복,12515
01,누적 합,12412
01,해시를 사용한 집합과 맵,12347
01,파싱,10023
01,유클리드 호제법,9884
01,덱,9275
01,분리 집합,9059
01,비트마스킹,8891
01,많은 조건 분기,7031
01,분할 정복을 이용한 거듭제곱,5991
01,배낭 문제,5796
01,최소 스패닝 트리,5365
01,플로이드–와샬,5212
01,트리를 사용한 집합과 맵,5203
01,애드 혹,5192
01,위상 정렬,4909
01,피타고라스 정리,4721
01,좌표 압축,4561
01,값,4561
01,스위핑,4459
01,연결 리스트,4023
01,구성적,3975
01,가장 긴 증가하는 부분 수열: o(n log n),3594
01,슬라이딩 윈도우,2758
01,게임 이론,2579
01,해싱,2464
01,벨만–포드,2406
01,0-1 너비 우선 탐색,2319
01,kmp,2306
01,최소 공통 조상,2245
01,비트필드를 이용한 다이나믹 프로그래밍,2215
01,중간에서 만나기,2197
01,희소 배열,2161
01,트라이,2161
01,트리에서의 다이나믹 프로그래밍,2009
01,느리게 갱신되는 세그먼트 트리,1867
01,외판원 순회 문제,1684
01,선분 교차 판정,1660
01,최대 유량,1631
01,오프라인 쿼리,1581
01,이분 매칭,1501
01,선형대수학,1470
01,볼록 껍질,1440
01,강한 연결 요소,1412
01,휴리스틱,1264
01,중국인의 나머지 정리,1260
01,런타임 전의 전처리,1235
01,무작위화,1048
01,정규 표현식,1001
01,모듈로 곱셈 역원,996
01,페르마의 소정리,980
01,수치해석,980
01,확률론,932
01,mo's,807
01,다각형의 넓이,739
01,비둘기집 원리,678
01,고속 푸리에 변환,636
01,접미사 배열과 lcp 배열,624
01,밀러–라빈 소수 판별법,616
01,미적분학,559
01,스프라그–그런디 정리,521
01,확장 유클리드 호제법,517
01,포함 배제의 원리,506
01,2-sat,458
01,제곱근 분할법,440
01,최소 비용 최대 유량,437
01,담금질 기법,426
01,오일러 경로 테크닉,412
01,오일러 피 함수,409
01,heavy-light 분할,404
01,단절점과 단절선,401
01,폴라드 로,400
01,순열 사이클 분할,389
01,삼분 탐색,323
01,회전하는 캘리퍼스,312
01,퍼시스턴트 세그먼트 트리,310
01,3차원 기하학,305
01,머지 소트 트리,289
01,최대 유량 최소 컷 정리,287
01,뤼카 정리,250
01,볼록 껍질을 이용한 최적화,245
01,분할 정복을 사용한 최적화,236
01,아호-코라식,223
01,라빈–카프,212
01,다차원 세그먼트 트리,200
01,병렬 이분 탐색,200
01,센트로이드,186
01,센트로이드 분할,182
01,비트 집합,166
01,스플레이 트리,164
01,매내처,160
01,덱을 이용한 다이나믹 프로그래밍,159
01,오일러 지표 (χ=v-e+f),159
01,기댓값의 선형성,150
01,오일러 경로,149
01,볼록 다각형 내부의 점 판정,123
01,현 그래프,120
01,물리학,120
01,가우스 소거법,118
01,작은 집합에서 큰 집합으로 합치는 테크닉,91
01,z,85
01,뫼비우스 반전 공식,80
01,최소 외접원,75
01,헝가리안,68
01,통계학,63
01,크누스 최적화,63
01,컷 트리,61
01,링크,61
01,함수 개형을 이용한 최적화,60
01,로프,57
01,aliens 트릭,49
01,벌래캠프–매시,48
01,양방향 탐색,45
01,오프라인 동적 연결성 판정,45
01,트리 동형 사상,43
01,이산 로그,43
01,단조 큐를 이용한 최적화,40
01,쌍대성,37
01,선형 계획법,37
01,평면 그래프,29
01,이중 연결 요소,29
01,번사이드 보조정리,29
01,히르쉬버그,23
01,탑 트리,23
01,오목 다각형 내부의 점 판정,21
01,그린 정리,20
01,커넥션 프로파일을 이용한 다이나믹 프로그래밍,18
01,일반적인 매칭,17
01,회문 트리,17
01,크누스 x,16
01,춤추는 링크,16
01,매트로이드,14
01,보로노이 다이어그램,13
01,선인장,13
01,이분 그래프,13
01,키타마사,13
01,반평면 교집합,12
01,안정 결혼 문제,8
01,이산 제곱근,8
01,쌍대 그래프,8
01,홀의 결혼 정리,4
01,베이즈 정리,4
01,서큘레이션,4
01,접미사 트리,3
01,생성 함수,2
01,utf-8 입력 처리,2
01,스토어–바그너,2
01,a*,1
01,계산 이론,1
01,인터프리터,1
