05,구현,223313
05,수학,207147
05,사칙연산,108169
05,그래프 이론,62522
05,자료 구조,59980
05,문자열,52726
05,다이나믹 프로그래밍,48256
05,그래프 탐색,48046
05,정렬,44291
05,브루트포스 알고리즘,38536
05,너비 우선 탐색,36830
05,그리디 알고리즘,30367
05,정수론,24234
05,깊이 우선 탐색,22486
05,이분 탐색,21895
05,스택,16964
05,백트래킹,14959
05,소수 판정,13534
05,시뮬레이션,13507
05,기하학,13319
05,재귀,10467
05,에라토스테네스의 체,9782
05,해시를 사용한 집합과 맵,9356
05,두 포인터,8936
05,우선순위 큐,8468
05,다익스트라,8420
05,누적 합,8175
05,트리,7967
05,임의 정밀도,6792
05,큰 수 연산,6792
05,조합론,6654
05,매개 변수 탐색,6617
05,큐,6373
05,분할 정복,4805
05,세그먼트 트리,4654
05,유클리드 호제법,4608
05,분리 집합,4466
05,파싱,4431
05,비트마스킹,4073
05,트리를 사용한 집합과 맵,3919
05,덱,3517
05,많은 조건 분기,2835
05,애드 혹,2715
05,플로이드–와샬,2649
05,분할 정복을 이용한 거듭제곱,2635
05,최소 스패닝 트리,2600
05,배낭 문제,2481
05,피타고라스 정리,2061
05,슬라이딩 윈도우,2023
05,위상 정렬,1950
05,스위핑,1612
05,구성적,1527
05,연결 리스트,1438
05,가장 긴 증가하는 부분 수열: o(n log n),1304
05,좌표 압축,1278
05,값,1278
05,0-1 너비 우선 탐색,1249
05,게임 이론,1188
05,트리에서의 다이나믹 프로그래밍,1135
05,벨만–포드,1028
05,최소 공통 조상,1005
05,트라이,963
05,비트필드를 이용한 다이나믹 프로그래밍,957
05,해싱,924
05,kmp,832
05,선분 교차 판정,819
05,이분 매칭,784
05,느리게 갱신되는 세그먼트 트리,726
05,희소 배열,718
05,볼록 껍질,675
05,최대 유량,663
05,선형대수학,644
05,중간에서 만나기,609
05,수치해석,609
05,외판원 순회 문제,606
05,강한 연결 요소,602
05,중국인의 나머지 정리,583
05,런타임 전의 전처리,552
05,모듈로 곱셈 역원,501
05,페르마의 소정리,495
05,정규 표현식,489
05,오프라인 쿼리,405
05,밀러–라빈 소수 판별법,375
05,무작위화,328
05,고속 푸리에 변환,326
05,다각형의 넓이,311
05,스프라그–그런디 정리,305
05,폴라드 로,253
05,접미사 배열과 lcp 배열,239
05,볼록 껍질을 이용한 최적화,234
05,순열 사이클 분할,233
05,삼분 탐색,228
05,2-sat,224
05,회전하는 캘리퍼스,223
05,포함 배제의 원리,221
05,확률론,217
05,오일러 경로 테크닉,211
05,미적분학,208
05,오일러 피 함수,192
05,작은 집합에서 큰 집합으로 합치는 테크닉,169
05,3차원 기하학,168
05,최대 유량 최소 컷 정리,165
05,비트 집합,158
05,제곱근 분할법,147
05,단절점과 단절선,145
05,확장 유클리드 호제법,139
05,가우스 소거법,138
05,오일러 경로,137
05,머지 소트 트리,135
05,mo's,131
05,볼록 다각형 내부의 점 판정,130
05,최소 비용 최대 유량,129
05,분할 정복을 사용한 최적화,128
05,함수 개형을 이용한 최적화,127
05,센트로이드 분할,127
05,센트로이드,126
05,스플레이 트리,126
05,휴리스틱,108
05,뤼카 정리,107
05,매내처,100
05,오일러 지표 (χ=v-e+f),91
05,라빈–카프,88
05,보로노이 다이어그램,86
05,퍼시스턴트 세그먼트 트리,79
05,heavy-light 분할,76
05,뫼비우스 반전 공식,75
05,비둘기집 원리,67
05,아호-코라식,65
05,다차원 세그먼트 트리,56
05,덱을 이용한 다이나믹 프로그래밍,48
05,벌래캠프–매시,43
05,물리학,41
05,병렬 이분 탐색,35
05,aliens 트릭,32
05,트리 압축,28
05,오프라인 동적 연결성 판정,25
05,링크,23
05,컷 트리,23
05,양방향 탐색,22
05,안정 결혼 문제,21
05,🌎👨‍💻📄🎱📖🧪,19
05,z,19
05,🏃🤔,19
05,🧑‍💻,19
05,🧵,19
05,이분 그래프,18
05,히르쉬버그,18
05,이중 연결 요소,17
05,선형 계획법,16
05,쌍대성,16
05,크누스 최적화,14
05,선인장,13
05,기댓값의 선형성,12
05,단조 큐를 이용한 최적화,12
05,홀의 결혼 정리,11
05,서큘레이션,11
05,델로네 삼각분할,10
05,평면 그래프,10
05,키타마사,8
05,헝가리안,8
05,그린 정리,8
05,매트로이드,7
05,크누스 x,7
05,춤추는 링크,7
05,통계학,6
05,담금질 기법,5
05,최소 외접원,3
05,이산 로그,3
05,베이즈 정리,3
05,로프,3
05,현 그래프,2
05,일반적인 매칭,2
05,도미네이터 트리,2
05,오목 다각형 내부의 점 판정,2
05,탑 트리,2
05,이산 제곱근,2
05,4차원 이상의 기하학,2
05,커넥션 프로파일을 이용한 다이나믹 프로그래밍,2
05,번사이드 보조정리,2
05,생성 함수,1
05,트리 동형 사상,1
05,a*,1
05,쌍대 그래프,1
05,회문 트리,1
